{"cameraMode":{"drawMode":0,"name":"Shaded","section":"Shading Mode"},"sceneLighting":true,"audioPlay":false,"sceneViewState":{"showFog":true,"showMaterialUpdate":false,"showSkybox":true,"showFlares":true,"showImageEffects":true,"showParticleSystems":true},"in2DMode":false,"pivot":{"x":-40.52027893066406,"y":-19.38005828857422,"z":87.75909423828125},"rotation":{"x":-0.16631318628787995,"y":0.7605269551277161,"z":-0.21442526578903199,"w":-0.5898820161819458},"size":81.86235809326172,"orthographic":false}